ccpp_row,AT,V,AP,RH,PE,temp_band,humidity_band
103,10.72,41.38,1021.6,63.77,478.29,cool,lower
163,23.62,49.21,1014.1,49.54,443.53,mild,lower
184,20.23,52.05,1012.15,47.49,457.57,mild,lower
196,25.11,67.32,1014.49,58.39,441.93,warm,lower
233,12.41,40.96,1023.36,78.96,473.59,cool,higher
265,15.12,52.05,1014.63,80.38,464.78,mild,higher
289,11.38,39.22,1018.62,57.14,473.71,cool,lower
295,13.67,54.3,1015.92,75.42,467.87,cool,higher
297,16.07,44.58,1019.52,67.95,471.36,mild,lower
498,31.97,79.74,1007.03,55.84,435.99,warm,lower
577,8.76,41.48,1018.49,74.98,474.3,cool,lower
675,20.27,57.76,1016.66,75.76,450.71,mild,higher
686,12.42,38.25,1012.76,82.23,472.3,cool,higher
688,29.12,51.43,1005.93,60.66,437.71,warm,lower
692,26.52,65.06,1013.4,51.78,439.66,warm,lower
722,17.37,57.76,1016,86.59,456.4,mild,higher
868,17.99,43.79,1016.13,75.63,462.4,mild,higher
896,7.45,39.61,1017.88,79.73,478.89,cool,higher
983,20.35,50.9,1012.6,72.43,453.5,mild,lower
1014,19.11,50.16,1010.88,100.09,450.38,mild,higher
1036,29.3,70.04,1010.95,61.23,426.25,warm,lower
1146,20.04,49.39,1020.62,78.84,449.63,mild,higher
1190,18.99,44.58,1018.29,54.71,468.35,mild,lower
1197,21.1,62.66,1011.19,83.49,448.8,mild,higher
1216,8.58,38.38,1021.03,84.37,482.26,cool,higher
1259,19.26,65.61,1015.03,85.74,451.85,mild,higher
1279,25.04,63.86,1018.92,52.79,441.6,warm,lower
1311,15.01,43.56,1014.65,61.82,465.84,mild,lower
1334,8.31,40.46,1020.07,78.18,476.72,cool,higher
1422,14.54,39.39,1013.87,76.39,470.23,cool,higher
1443,9.51,43.79,1016.02,79.81,481.12,cool,higher
1460,20.8,50.9,1012.07,73.16,457,mild,lower
1478,18.42,63.94,1020.47,74.47,450.55,mild,lower
1485,8.83,36.3,1027.08,72.69,479.86,cool,lower
1513,21.57,69.23,1011.94,81.73,437.55,mild,higher
1515,11.06,37.92,1008.76,67.32,473.16,cool,lower
1618,21.11,65.94,1009.83,71.91,448.77,mild,lower
1679,29.75,70.32,1007.35,55.8,427.2,warm,lower
1780,27.55,73.68,1013.62,81.13,431.86,warm,higher
1818,21.4,44.57,1005.7,73.09,445.09,mild,lower
1937,7.98,40.77,1008.69,98.65,480.72,cool,higher
1963,32.81,75.08,1005.09,42,433.37,warm,lower
2062,18.83,48.98,1016.33,74.23,453.28,mild,lower
2148,25.44,66.54,1011.9,56.76,437.99,warm,lower
2200,7.38,44.71,1020.27,70.55,486.91,cool,lower
2285,16.74,41.16,1006.87,74.24,463,mild,lower
2323,17.35,47.83,1006.71,80.57,453.96,mild,higher
2389,17.77,43.72,1009.01,77.7,456.34,mild,higher
2474,32.53,77.95,1014.76,58.1,434.44,warm,lower
2500,17.86,52.9,1015.71,67.99,457.42,mild,lower
2522,17.27,43.52,1021.37,76.73,460.08,mild,higher
2536,9.79,39.69,1002.36,93.86,471.61,cool,higher
2585,9,43.13,1020.25,81.32,481.09,cool,higher
2593,25.23,69.34,1009.51,82.87,445.92,warm,higher
2602,23.95,58.79,1010.45,74.34,448.32,mild,lower
2639,16.62,54.3,1017.99,63.76,459.59,mild,lower
2677,9.53,38.38,1020.49,80.08,478.03,cool,higher
2735,13.58,40.75,1016.05,76.45,472.73,cool,higher
2775,18.48,46.48,1007.53,82.57,461.49,mild,higher
2817,9.52,41.26,1020.55,89.73,475.44,cool,higher
2881,23.09,70.02,1010.58,77.85,443.27,mild,higher
2999,24.74,63.87,1016.91,55.65,447.02,mild,lower
3016,9.66,41.82,1033.19,73.19,477.67,cool,lower
3025,15.48,44.99,1011.94,69.95,463.92,mild,lower
3032,23.13,61.47,1008.96,85.5,438.8,mild,higher
3255,14.85,45.01,1013.12,85.53,460.19,cool,higher
3287,17.21,52.9,1019.91,77.31,460.88,mild,higher
3342,15.09,39.52,1017.05,72.43,469.8,mild,lower
3366,21.76,47.93,1005.34,86.28,444.77,mild,higher
3403,15.87,45,1021.92,40,470.85,mild,lower
3411,25.56,58.82,1010.44,70.23,441,warm,lower
3427,22.85,47.43,1008.13,66.36,448.15,mild,lower
3480,21.63,50.16,1005.7,84.84,448.32,mild,higher
3506,29.58,76.2,1008.37,60.73,433.91,warm,lower
3518,13.33,40.64,1020.92,91.47,474.07,cool,higher
3541,24.26,56.57,1013.86,70.35,442.9,mild,lower
3591,30.21,79.74,1006.82,54.03,430.83,warm,lower
3624,9.44,39.82,1013.26,91.55,483.18,cool,higher
3704,26.94,65.61,1014.31,49.73,443.9,warm,lower
3755,27.46,66.54,1002.39,67.09,431.81,warm,lower
3758,6.8,39.37,1020.24,73.29,487.33,cool,lower
3795,24.13,73.18,1012.62,91.52,436.22,mild,higher
3891,14.39,40.35,1011.33,64.86,472.43,cool,lower
3933,24.65,71.98,1006.46,91.11,431.77,mild,higher
4002,21.79,46.21,1012.89,72,449.99,mild,lower
4012,7.07,37.49,1010.35,87.19,481.58,cool,higher
4316,28.32,72.58,1007.77,78.35,428.06,warm,higher
4516,12.03,40.1,1015.32,85.39,474.94,cool,higher
4528,33.13,74.34,999.57,48.34,433.73,warm,lower
4594,14.03,49.83,1006.64,90.01,463.71,cool,higher
4636,23.45,70.04,1010.99,79.2,436.46,mild,higher
4723,9.77,41.44,1017.69,78.26,481.74,cool,higher
4740,14.12,40.92,1022.46,73.28,459.76,cool,lower
4759,6.9,40.62,1018.48,78.84,479.97,cool,higher
4800,6.93,40.67,1020.17,71.16,494.61,cool,lower
4958,20.23,57.76,1016.84,81.26,452.5,mild,higher
4966,21.6,66.86,1013.02,54.19,450.84,mild,lower
5012,22.86,62.52,1016.23,70.67,447.96,mild,lower
5062,24.96,70.47,1007.73,76.48,438.23,mild,higher
5125,16.32,50.88,1013.37,97.19,458.28,mild,higher
5185,24.86,63.47,1011.5,71.78,441.68,mild,lower
5236,14.68,43.99,1023.36,86.79,461.91,cool,higher
5301,18.67,58.46,1016.73,87.7,447.16,mild,higher
5377,28.98,62.66,1009.1,52.62,438.45,warm,lower
5427,6.09,43.65,1020.95,71.15,485.96,cool,lower
5449,15.4,38.73,1000.67,79.71,469.18,mild,higher
5545,13.35,41.44,1015.9,66.04,473.17,cool,lower
5575,28.44,77.54,1011.73,77.3,433.21,warm,higher
5626,17.89,40.12,1011.99,76.52,451.79,mild,higher
5635,10.84,39.18,1023.64,87.1,474.49,cool,higher
5681,26.88,61.5,1009.17,61.26,440.13,warm,lower
5714,8.64,34.69,1026.79,80.88,482.15,cool,higher
5831,16.88,43.67,1011.43,73.98,463.81,mild,lower
5855,21.88,69.71,1010.28,97.64,444.39,mild,higher
5891,21.33,50.32,1008.58,85.3,442.44,mild,higher
5993,11.62,41.54,1019.94,66.43,477.75,cool,lower
5995,9.73,41.01,1021.76,97.71,469.11,cool,higher
6038,15.51,36.71,1014.05,72.92,465.85,mild,lower
6091,10.03,41.79,1020.35,66.42,475.42,cool,lower
6118,24.38,60.84,1017.85,62.23,440.85,mild,lower
6216,24.31,65.94,1011.5,61.61,442.69,mild,lower
6217,24.67,58.05,1011.31,69.95,444.57,mild,lower
6254,21.8,51.3,1012.07,89.51,450.25,mild,higher
6256,23.19,67.07,1005.67,65.19,442.45,mild,lower
6257,19.27,50.12,1007.61,100.11,447.63,mild,higher
6305,18.34,50.59,1018.42,83.95,457.17,mild,higher
6338,11.61,40.81,1025.68,72.08,473.08,cool,lower
6368,12.24,40.66,1017.4,96.22,464.7,cool,higher
6383,23.38,48.78,1019.03,78.69,446.18,mild,higher
6478,8.64,39.69,1001.57,98.27,473.55,cool,higher
6515,1.81,39.42,1026.92,76.97,490.55,cool,higher
6565,13.23,52.72,1026.4,75.78,465.26,cool,higher
6684,10.58,39.61,1020.39,71.69,477.18,cool,lower
6892,14.19,39.52,1018.34,77.25,467.14,cool,higher
7010,8.51,38.5,1013.33,64.28,482.39,cool,lower
7023,18.83,63.91,1010.8,96.18,448.15,mild,higher
7026,14.14,39.59,1010.84,96.02,465.23,cool,higher
7122,15.79,38.28,1014.4,74.84,465.64,mild,lower
7126,10.67,40.56,1022.39,77.92,482.36,cool,higher
7294,12.02,39.69,1006.05,84.66,470.17,cool,higher
7304,30.33,70.36,1006.72,70.31,438.47,warm,lower
7329,13.17,36.71,1012.82,72.76,474.93,cool,lower
7362,26.86,71.32,1007.38,81.14,430.44,warm,higher
7416,13.24,40.83,1007.9,87.53,472.22,cool,higher
7419,15.07,43.48,1015.22,57.74,459.96,mild,lower
7491,19.69,56.65,1020.77,62.83,456.29,mild,lower
7559,19.65,57.85,1011.73,93.89,450.5,mild,higher
7570,24.44,47.93,1003.13,67.04,440.53,mild,lower
7641,10.47,41.06,1022.24,81.16,477.47,cool,higher
7681,10.72,35.76,1019.71,62.26,473.48,cool,lower
7727,9.65,44.68,1022.9,98.08,476.71,cool,higher
7854,15.25,39.58,1012.1,73.05,466.21,mild,lower
7935,25.69,59.54,1004.05,81.69,439.06,warm,higher
7950,26.06,54.5,1015.52,67.12,451.67,warm,lower
7977,22.86,66.48,1003.77,71.22,435.56,mild,lower
7984,19.31,44.71,1016.13,30.59,463,mild,lower
8011,18.61,44.06,1016.91,75.01,452.68,mild,higher
8018,8.68,43.14,1011.94,79.06,480.73,cool,higher
8020,12.82,48.14,1017.47,81.45,467.48,cool,higher
8039,25.79,65.27,1013.26,55.35,440.04,warm,lower
8054,31.26,70.36,1006.49,60.47,438.15,warm,lower
8056,25.02,69.75,1010.04,91.86,437.87,warm,higher
8071,9.58,38.08,1019.49,67.54,478.5,cool,lower
8074,23.76,51.19,1009.69,70.87,442.9,mild,lower
8086,8.88,39.66,1015.21,88.29,481.45,cool,higher
8090,12.87,41.5,1013.51,85.72,469.44,cool,higher
8115,30.35,69.51,1009.95,39.24,430.07,warm,lower
8119,13.11,38.73,1005.89,89.02,473.38,cool,higher
8139,22.79,69.13,1010.87,91.47,438.08,mild,higher
8141,30.87,67.32,1013.78,34.54,436.96,warm,lower
8156,19.4,42.44,1013.19,58.63,459.76,mild,lower
8225,29.88,68.08,1011.14,55.78,429.33,warm,lower
8235,13.72,45.01,1014.07,77,464.59,cool,higher
8357,30.86,70.32,1011.88,62.68,433.71,warm,lower
8378,18.55,41.1,1002.02,65.16,459.97,mild,lower
8487,27.99,71.64,1007.79,72.67,437.81,warm,lower
8503,24.63,65.38,1010.43,40.68,446.23,mild,lower
8519,18.37,51.86,1018.8,74.3,461.14,mild,lower
8522,15.2,40.55,1005,88.4,465.09,mild,higher
8533,9.84,36.66,1026.7,70.02,477.62,cool,lower
8619,16.52,53.16,1014.68,76.82,457.81,mild,higher
8638,18.63,50.16,1010.21,97.13,450.14,mild,higher
8655,18.39,52.08,1006.53,100.09,449.96,mild,higher
8665,7.67,41.66,1016.25,77,485.03,cool,higher
8706,16.55,39.64,1009.07,77.8,465.29,mild,higher
8718,24.27,63.87,1018.88,53.96,420.26,mild,lower
8749,18.8,44.78,1009.65,46,462.79,mild,lower
8776,14.81,39.58,1011.62,73.64,467.32,cool,lower
8812,13.48,41.26,1021.92,78.24,466.88,cool,higher
8895,12.05,48.04,1009.14,100.13,464.14,cool,higher
8957,24.33,46.93,1013.61,53.02,450.04,mild,lower
9052,9.38,41.44,1015.09,86.8,481.96,cool,higher
9215,13.31,42.18,1016,83.94,466.56,cool,higher
9289,24.2,68.67,1006.72,78.08,444.09,mild,higher
9364,9.65,41.03,1021.09,64.97,481.68,cool,lower
9377,24.27,74.99,1007.73,82.49,438.26,mild,higher
9437,18.31,52.9,1015.99,66.14,459.61,mild,lower
9447,30.56,69.04,1009.29,55.73,442.24,warm,lower
9469,14.14,43.34,1017.1,81.77,464.36,cool,higher
9488,22.7,60.84,1019.15,71.48,438.59,mild,lower
